{"textures":{"0":"modelengine:entity/claws"},"elements":[{"from":[4.714286,4.142857,4.5714283],"to":[12.857143,10.571428,9.142858],"rotation":{"angle":0.0,"axis":"y","origin":[18.285715,-5.714287,4.0]},"faces":{"east":{"uv":[7.0,1.875,7.25,2.21875],"rotation":0,"texture":"#0","tintindex":0},"south":{"uv":[2.03125,5.78125,2.46875,6.125],"rotation":0,"texture":"#0","tintindex":0},"north":{"uv":[1.59375,5.78125,2.03125,6.125],"rotation":0,"texture":"#0","tintindex":0},"west":{"uv":[7.0,2.21875,7.25,2.5625],"rotation":0,"texture":"#0","tintindex":0},"up":{"uv":[6.84375,2.0,6.40625,1.75],"rotation":0,"texture":"#0","tintindex":0},"down":{"uv":[6.84375,2.875,6.40625,3.125],"rotation":0,"texture":"#0","tintindex":0}}},{"from":[1.2857141,5.5714283,-4.000001],"to":[12.857143,10.142858,0.0],"rotation":{"angle":-45.0,"axis":"y","origin":[18.285715,-5.714287,4.0]},"faces":{"east":{"uv":[7.5,3.75,7.71875,4.0],"rotation":0,"texture":"#0","tintindex":0},"south":{"uv":[4.1875,5.59375,4.8125,5.84375],"rotation":0,"texture":"#0","tintindex":0},"north":{"uv":[5.5625,0.0,6.1875,0.25],"rotation":0,"texture":"#0","tintindex":0},"west":{"uv":[7.5,4.0,7.71875,4.25],"rotation":0,"texture":"#0","tintindex":0},"up":{"uv":[6.28125,2.65625,5.65625,2.4375],"rotation":0,"texture":"#0","tintindex":0},"down":{"uv":[6.53125,4.09375,5.90625,4.3125],"rotation":0,"texture":"#0","tintindex":0}}},{"from":[11.0,6.714286,-4.5714293],"to":[18.0,9.0,-2.285715],"rotation":{"angle":-45.0,"axis":"y","origin":[18.285715,-5.714287,4.0]},"faces":{"east":{"uv":[3.6875,7.8125,3.8125,7.9375],"rotation":0,"texture":"#0","tintindex":0},"south":{"uv":[7.65625,0.78125,8.03125,0.90625],"rotation":0,"texture":"#0","tintindex":0},"north":{"uv":[7.65625,0.65625,8.03125,0.78125],"rotation":0,"texture":"#0","tintindex":0},"west":{"uv":[2.46875,7.9375,2.59375,8.0625],"rotation":0,"texture":"#0","tintindex":0},"up":{"uv":[8.03125,1.03125,7.65625,0.90625],"rotation":0,"texture":"#0","tintindex":0},"down":{"uv":[2.15625,7.65625,1.78125,7.78125],"rotation":0,"texture":"#0","tintindex":0}}},{"from":[11.0,7.285714,-2.285715],"to":[21.428572,8.428572,-0.57142925],"rotation":{"angle":-45.0,"axis":"y","origin":[18.285715,-5.714287,4.0]},"faces":{"east":{"uv":[5.375,4.15625,5.46875,4.21875],"rotation":0,"texture":"#0","tintindex":0},"south":{"uv":[7.71875,4.125,8.28125,4.1875],"rotation":0,"texture":"#0","tintindex":0},"north":{"uv":[7.71875,0.125,8.28125,0.1875],"rotation":0,"texture":"#0","tintindex":0},"west":{"uv":[5.40625,4.8125,5.5,4.875],"rotation":0,"texture":"#0","tintindex":0},"up":{"uv":[8.15625,2.5,7.59375,2.40625],"rotation":0,"texture":"#0","tintindex":0},"down":{"uv":[8.1875,1.09375,7.625,1.1875],"rotation":0,"texture":"#0","tintindex":0}}},{"from":[-4.4285717,6.428571,-3.5714293],"to":[1.9999995,9.285714,-0.2857151],"rotation":{"angle":-45.0,"axis":"y","origin":[18.285715,-5.714287,4.0]},"faces":{"east":{"uv":[2.90625,7.875,3.09375,8.03125],"rotation":0,"texture":"#0","tintindex":0},"south":{"uv":[7.5625,6.90625,7.90625,7.0625],"rotation":0,"texture":"#0","tintindex":0},"north":{"uv":[7.5,4.25,7.84375,4.40625],"rotation":0,"texture":"#0","tintindex":0},"west":{"uv":[7.90625,5.34375,8.09375,5.5],"rotation":0,"texture":"#0","tintindex":0},"up":{"uv":[2.6875,4.9375,2.34375,4.75],"rotation":0,"texture":"#0","tintindex":0},"down":{"uv":[5.71875,6.1875,5.375,6.375],"rotation":0,"texture":"#0","tintindex":0}}},{"from":[-7.285715,7.0,-2.4285717],"to":[-4.285715,8.714286,-0.2857151],"rotation":{"angle":-45.0,"axis":"y","origin":[18.285715,-5.714287,4.0]},"faces":{"east":{"uv":[5.59375,6.65625,5.71875,6.75],"rotation":0,"texture":"#0","tintindex":0},"south":{"uv":[5.5625,2.9375,5.71875,3.03125],"rotation":0,"texture":"#0","tintindex":0},"north":{"uv":[5.5625,0.25,5.71875,0.34375],"rotation":0,"texture":"#0","tintindex":0},"west":{"uv":[6.84375,5.6875,6.96875,5.78125],"rotation":0,"texture":"#0","tintindex":0},"up":{"uv":[8.09375,5.875,7.9375,5.75],"rotation":0,"texture":"#0","tintindex":0},"down":{"uv":[6.03125,7.9375,5.875,8.0625],"rotation":0,"texture":"#0","tintindex":0}}},{"from":[-0.4285717,5.142857,8.0],"to":[9.0,10.0,12.142858],"rotation":{"angle":0.0,"axis":"y","origin":[10.857143,-8.57143,4.0]},"faces":{"east":{"uv":[1.5,4.46875,1.71875,4.75],"rotation":0,"texture":"#0","tintindex":0},"south":{"uv":[0.75,5.875,1.28125,6.15625],"rotation":0,"texture":"#0","tintindex":0},"north":{"uv":[5.71875,5.84375,6.25,6.125],"rotation":0,"texture":"#0","tintindex":0},"west":{"uv":[3.8125,7.34375,4.03125,7.625],"rotation":0,"texture":"#0","tintindex":0},"up":{"uv":[6.71875,0.21875,6.1875,0.0],"rotation":0,"texture":"#0","tintindex":0},"down":{"uv":[5.375,6.1875,4.84375,6.40625],"rotation":0,"texture":"#0","tintindex":0}}},{"from":[12.0,4.714286,-4.000001],"to":[16.57143,10.857143,8.571428],"rotation":{"angle":-22.5,"axis":"y","origin":[10.857143,-8.57143,4.0]},"faces":{"east":{"uv":[1.03125,4.125,1.71875,4.46875],"rotation":0,"texture":"#0","tintindex":0},"south":{"uv":[7.09375,1.46875,7.34375,1.8125],"rotation":0,"texture":"#0","tintindex":0},"north":{"uv":[7.03125,6.40625,7.28125,6.75],"rotation":0,"texture":"#0","tintindex":0},"west":{"uv":[4.125,2.1875,4.8125,2.53125],"rotation":0,"texture":"#0","tintindex":0},"up":{"uv":[3.09375,6.09375,2.84375,5.40625],"rotation":0,"texture":"#0","tintindex":0},"down":{"uv":[3.34375,5.40625,3.09375,6.09375],"rotation":0,"texture":"#0","tintindex":0}}},{"from":[10.857143,5.285714,-7.4285717],"to":[17.142857,9.714286,10.857143],"rotation":{"angle":-22.5,"axis":"y","origin":[10.857143,-8.57143,4.0]},"faces":{"east":{"uv":[3.90625,0.75,4.90625,1.0],"rotation":0,"texture":"#0","tintindex":0},"south":{"uv":[7.09375,2.5625,7.4375,2.8125],"rotation":0,"texture":"#0","tintindex":0},"north":{"uv":[7.09375,0.1875,7.4375,0.4375],"rotation":0,"texture":"#0","tintindex":0},"west":{"uv":[3.90625,1.0,4.90625,1.25],"rotation":0,"texture":"#0","tintindex":0},"up":{"uv":[2.15625,4.3125,1.8125,3.3125],"rotation":0,"texture":"#0","tintindex":0},"down":{"uv":[2.5,3.3125,2.15625,4.3125],"rotation":0,"texture":"#0","tintindex":0}}},{"from":[12.0,5.8571424,6.285714],"to":[15.428572,9.142858,16.57143],"rotation":{"angle":-22.5,"axis":"y","origin":[10.857143,-8.57143,4.0]},"faces":{"east":{"uv":[2.53125,6.6875,3.09375,6.875],"rotation":0,"texture":"#0","tintindex":0},"south":{"uv":[5.0,7.8125,5.1875,8.0],"rotation":0,"texture":"#0","tintindex":0},"north":{"uv":[4.8125,7.8125,5.0,8.0],"rotation":0,"texture":"#0","tintindex":0},"west":{"uv":[3.09375,6.6875,3.65625,6.875],"rotation":0,"texture":"#0","tintindex":0},"up":{"uv":[0.1875,7.28125,0.0,6.71875],"rotation":0,"texture":"#0","tintindex":0},"down":{"uv":[1.125,6.71875,0.9375,7.28125],"rotation":0,"texture":"#0","tintindex":0}}},{"from":[15.428572,6.428571,2.2857141],"to":[18.857143,8.571428,12.571428],"rotation":{"angle":-22.5,"axis":"y","origin":[10.857143,-8.57143,4.0]},"faces":{"east":{"uv":[7.3125,3.125,7.875,3.25],"rotation":0,"texture":"#0","tintindex":0},"south":{"uv":[2.28125,7.9375,2.46875,8.0625],"rotation":0,"texture":"#0","tintindex":0},"north":{"uv":[2.09375,7.9375,2.28125,8.0625],"rotation":0,"texture":"#0","tintindex":0},"west":{"uv":[7.3125,4.875,7.875,5.0],"rotation":0,"texture":"#0","tintindex":0},"up":{"uv":[1.3125,7.28125,1.125,6.71875],"rotation":0,"texture":"#0","tintindex":0},"down":{"uv":[1.75,6.71875,1.5625,7.28125],"rotation":0,"texture":"#0","tintindex":0}}}],"display":{"head":{"translation":[0.0,-6.4,0.0],"scale":[4.0,4.0,4.0]}}}