{"textures":{"0":"modelengine:entity/claws"},"elements":[{"from":[-0.4285717,-0.57142925,7.428571],"to":[19.142857,18.285715,14.285715],"rotation":{"angle":0.0,"axis":"y","origin":[-3.4285717,2.2857141,6.285714]},"faces":{"east":{"uv":[1.0625,3.09375,1.4375,4.125],"rotation":0,"texture":"#0","tintindex":0},"south":{"uv":[0.0,1.03125,1.0625,2.0625],"rotation":0,"texture":"#0","tintindex":0},"north":{"uv":[0.0,0.0,1.0625,1.03125],"rotation":0,"texture":"#0","tintindex":0},"west":{"uv":[1.4375,3.09375,1.8125,4.125],"rotation":0,"texture":"#0","tintindex":0},"up":{"uv":[1.0625,3.09375,0.0,2.71875],"rotation":0,"texture":"#0","tintindex":0},"down":{"uv":[2.125,2.71875,1.0625,3.09375],"rotation":0,"texture":"#0","tintindex":0}}},{"from":[19.0,1.1428566,9.142858],"to":[21.428572,13.714286,13.142858],"rotation":{"angle":0.0,"axis":"y","origin":[-3.4285717,2.2857141,6.285714]},"faces":{"east":{"uv":[5.6875,3.21875,5.90625,3.90625],"rotation":0,"texture":"#0","tintindex":0},"south":{"uv":[0.6875,6.96875,0.8125,7.65625],"rotation":0,"texture":"#0","tintindex":0},"north":{"uv":[0.5625,6.75,0.6875,7.4375],"rotation":0,"texture":"#0","tintindex":0},"west":{"uv":[1.375,5.71875,1.59375,6.40625],"rotation":0,"texture":"#0","tintindex":0},"up":{"uv":[2.65625,6.6875,2.53125,6.46875],"rotation":0,"texture":"#0","tintindex":0},"down":{"uv":[7.21875,4.0625,7.09375,4.28125],"rotation":0,"texture":"#0","tintindex":0}}},{"from":[-0.4285717,12.0,4.0],"to":[19.142857,19.428572,7.428571],"rotation":{"angle":0.0,"axis":"y","origin":[-3.4285717,2.2857141,6.285714]},"faces":{"east":{"uv":[0.0,7.28125,0.1875,7.6875],"rotation":0,"texture":"#0","tintindex":0},"south":{"uv":[2.125,1.71875,3.1875,2.125],"rotation":0,"texture":"#0","tintindex":0},"north":{"uv":[2.125,1.3125,3.1875,1.71875],"rotation":0,"texture":"#0","tintindex":0},"west":{"uv":[7.28125,5.96875,7.46875,6.375],"rotation":0,"texture":"#0","tintindex":0},"up":{"uv":[5.6875,1.9375,4.625,1.75],"rotation":0,"texture":"#0","tintindex":0},"down":{"uv":[5.78125,4.46875,4.71875,4.65625],"rotation":0,"texture":"#0","tintindex":0}}},{"from":[-2.7142859,3.4285712,14.285715],"to":[16.857143,15.428572,18.857143],"rotation":{"angle":0.0,"axis":"y","origin":[-3.4285717,2.2857141,6.285714]},"faces":{"east":{"uv":[5.5,0.53125,5.75,1.1875],"rotation":0,"texture":"#0","tintindex":0},"south":{"uv":[1.0625,2.0625,2.125,2.71875],"rotation":0,"texture":"#0","tintindex":0},"north":{"uv":[0.0,2.0625,1.0625,2.71875],"rotation":0,"texture":"#0","tintindex":0},"west":{"uv":[0.25,5.59375,0.5,6.25],"rotation":0,"texture":"#0","tintindex":0},"up":{"uv":[4.625,1.9375,3.5625,1.6875],"rotation":0,"texture":"#0","tintindex":0},"down":{"uv":[4.96875,0.0,3.90625,0.25],"rotation":0,"texture":"#0","tintindex":0}}},{"from":[-1.5714293,15.428572,14.285715],"to":[10.0,17.714287,18.857143],"rotation":{"angle":0.0,"axis":"y","origin":[-3.4285717,2.2857141,6.285714]},"faces":{"east":{"uv":[5.5,5.125,5.75,5.25],"rotation":0,"texture":"#0","tintindex":0},"south":{"uv":[7.09375,5.625,7.71875,5.75],"rotation":0,"texture":"#0","tintindex":0},"north":{"uv":[7.0,1.15625,7.625,1.28125],"rotation":0,"texture":"#0","tintindex":0},"west":{"uv":[5.78125,5.46875,6.03125,5.59375],"rotation":0,"texture":"#0","tintindex":0},"up":{"uv":[5.75,2.1875,5.125,1.9375],"rotation":0,"texture":"#0","tintindex":0},"down":{"uv":[6.03125,2.6875,5.40625,2.9375],"rotation":0,"texture":"#0","tintindex":0}}},{"from":[0.7142854,-1.1428576,2.8571424],"to":[18.0,6.285714,7.428571],"rotation":{"angle":0.0,"axis":"y","origin":[-3.4285717,2.2857141,6.285714]},"faces":{"east":{"uv":[6.71875,6.8125,6.96875,7.21875],"rotation":0,"texture":"#0","tintindex":0},"south":{"uv":[3.1875,2.46875,4.125,2.875],"rotation":0,"texture":"#0","tintindex":0},"north":{"uv":[3.1875,2.0625,4.125,2.46875],"rotation":0,"texture":"#0","tintindex":0},"west":{"uv":[1.3125,6.84375,1.5625,7.25],"rotation":0,"texture":"#0","tintindex":0},"up":{"uv":[5.0625,3.46875,4.125,3.21875],"rotation":0,"texture":"#0","tintindex":0},"down":{"uv":[5.15625,3.46875,4.21875,3.71875],"rotation":0,"texture":"#0","tintindex":0}}}],"display":{"head":{"translation":[0.0,-6.4,0.0],"scale":[4.0,4.0,4.0]}}}