{"textures":{"0":"modelengine:entity/claws"},"elements":[{"from":[3.142857,4.142857,4.5714283],"to":[11.285714,10.571428,9.142858],"rotation":{"angle":0.0,"axis":"y","origin":[-2.285715,-5.714287,4.0]},"faces":{"east":{"uv":[6.71875,7.21875,6.96875,7.5625],"rotation":0,"texture":"#0","tintindex":0},"south":{"uv":[5.84375,4.71875,6.28125,5.0625],"rotation":0,"texture":"#0","tintindex":0},"north":{"uv":[4.40625,5.84375,4.84375,6.1875],"rotation":0,"texture":"#0","tintindex":0},"west":{"uv":[7.25,0.4375,7.5,0.78125],"rotation":0,"texture":"#0","tintindex":0},"up":{"uv":[6.9375,3.875,6.5,3.625],"rotation":0,"texture":"#0","tintindex":0},"down":{"uv":[6.15625,6.5,5.71875,6.75],"rotation":0,"texture":"#0","tintindex":0}}},{"from":[3.142857,5.5714283,-4.000001],"to":[14.714286,10.142858,0.0],"rotation":{"angle":45.0,"axis":"y","origin":[-2.285715,-5.714287,4.0]},"faces":{"east":{"uv":[6.21875,7.53125,6.4375,7.78125],"rotation":0,"texture":"#0","tintindex":0},"south":{"uv":[5.65625,2.1875,6.28125,2.4375],"rotation":0,"texture":"#0","tintindex":0},"north":{"uv":[0.75,5.625,1.375,5.875],"rotation":0,"texture":"#0","tintindex":0},"west":{"uv":[4.6875,7.5625,4.90625,7.8125],"rotation":0,"texture":"#0","tintindex":0},"up":{"uv":[6.65625,0.46875,6.03125,0.25],"rotation":0,"texture":"#0","tintindex":0},"down":{"uv":[6.65625,2.65625,6.03125,2.875],"rotation":0,"texture":"#0","tintindex":0}}},{"from":[-2.0,6.714286,-4.5714293],"to":[5.0,9.0,-2.285715],"rotation":{"angle":45.0,"axis":"y","origin":[-2.285715,-5.714287,4.0]},"faces":{"east":{"uv":[1.75,8.0,1.875,8.125],"rotation":0,"texture":"#0","tintindex":0},"south":{"uv":[7.71875,2.75,8.09375,2.875],"rotation":0,"texture":"#0","tintindex":0},"north":{"uv":[7.71875,0.0,8.09375,0.125],"rotation":0,"texture":"#0","tintindex":0},"west":{"uv":[1.875,8.0,2.0,8.125],"rotation":0,"texture":"#0","tintindex":0},"up":{"uv":[8.09375,3.0,7.71875,2.875],"rotation":0,"texture":"#0","tintindex":0},"down":{"uv":[3.46875,7.71875,3.09375,7.84375],"rotation":0,"texture":"#0","tintindex":0}}},{"from":[-5.4285717,7.285714,-2.285715],"to":[5.0,8.428572,-0.57142925],"rotation":{"angle":45.0,"axis":"y","origin":[-2.285715,-5.714287,4.0]},"faces":{"east":{"uv":[5.75,1.0,5.84375,1.0625],"rotation":0,"texture":"#0","tintindex":0},"south":{"uv":[7.84375,4.3125,8.40625,4.375],"rotation":0,"texture":"#0","tintindex":0},"north":{"uv":[7.84375,4.25,8.40625,4.3125],"rotation":0,"texture":"#0","tintindex":0},"west":{"uv":[5.75,1.0625,5.84375,1.125],"rotation":0,"texture":"#0","tintindex":0},"up":{"uv":[8.1875,7.5,7.625,7.40625],"rotation":0,"texture":"#0","tintindex":0},"down":{"uv":[8.1875,7.5,7.625,7.59375],"rotation":0,"texture":"#0","tintindex":0}}},{"from":[14.0,6.428571,-3.5714293],"to":[20.428572,9.285714,-0.2857151],"rotation":{"angle":45.0,"axis":"y","origin":[-2.285715,-5.714287,4.0]},"faces":{"east":{"uv":[7.15625,7.90625,7.34375,8.0625],"rotation":0,"texture":"#0","tintindex":0},"south":{"uv":[7.59375,1.71875,7.9375,1.875],"rotation":0,"texture":"#0","tintindex":0},"north":{"uv":[7.5625,7.0625,7.90625,7.21875],"rotation":0,"texture":"#0","tintindex":0},"west":{"uv":[7.34375,7.90625,7.53125,8.0625],"rotation":0,"texture":"#0","tintindex":0},"up":{"uv":[7.78125,2.75,7.4375,2.5625],"rotation":0,"texture":"#0","tintindex":0},"down":{"uv":[3.125,7.4375,2.78125,7.625],"rotation":0,"texture":"#0","tintindex":0}}},{"from":[20.285715,7.0,-2.4285717],"to":[23.285715,8.714286,-0.2857151],"rotation":{"angle":45.0,"axis":"y","origin":[-2.285715,-5.714287,4.0]},"faces":{"east":{"uv":[5.875,7.6875,6.0,7.78125],"rotation":0,"texture":"#0","tintindex":0},"south":{"uv":[6.0,1.5625,6.15625,1.65625],"rotation":0,"texture":"#0","tintindex":0},"north":{"uv":[5.875,0.25,6.03125,0.34375],"rotation":0,"texture":"#0","tintindex":0},"west":{"uv":[5.1875,7.8125,5.3125,7.90625],"rotation":0,"texture":"#0","tintindex":0},"up":{"uv":[0.53125,8.09375,0.375,7.96875],"rotation":0,"texture":"#0","tintindex":0},"down":{"uv":[0.6875,7.96875,0.53125,8.09375],"rotation":0,"texture":"#0","tintindex":0}}},{"from":[7.0,5.142857,8.0],"to":[16.428572,10.0,12.142858],"rotation":{"angle":0.0,"axis":"y","origin":[5.142857,-8.57143,4.0]},"faces":{"east":{"uv":[6.5,7.375,6.71875,7.65625],"rotation":0,"texture":"#0","tintindex":0},"south":{"uv":[5.90625,3.21875,6.4375,3.5],"rotation":0,"texture":"#0","tintindex":0},"north":{"uv":[5.875,2.9375,6.40625,3.21875],"rotation":0,"texture":"#0","tintindex":0},"west":{"uv":[7.46875,5.90625,7.6875,6.1875],"rotation":0,"texture":"#0","tintindex":0},"up":{"uv":[6.8125,1.5,6.28125,1.28125],"rotation":0,"texture":"#0","tintindex":0},"down":{"uv":[6.8125,2.125,6.28125,2.34375],"rotation":0,"texture":"#0","tintindex":0}}},{"from":[-0.57142925,4.714286,-4.000001],"to":[4.0,10.857143,8.571428],"rotation":{"angle":22.5,"axis":"y","origin":[5.142857,-8.57143,4.0]},"faces":{"east":{"uv":[4.125,2.53125,4.8125,2.875],"rotation":0,"texture":"#0","tintindex":0},"south":{"uv":[1.3125,7.25,1.5625,7.59375],"rotation":0,"texture":"#0","tintindex":0},"north":{"uv":[7.25,0.78125,7.5,1.125],"rotation":0,"texture":"#0","tintindex":0},"west":{"uv":[4.125,2.875,4.8125,3.21875],"rotation":0,"texture":"#0","tintindex":0},"up":{"uv":[3.59375,6.09375,3.34375,5.40625],"rotation":0,"texture":"#0","tintindex":0},"down":{"uv":[0.25,5.4375,0.0,6.125],"rotation":0,"texture":"#0","tintindex":0}}},{"from":[-1.1428576,5.285714,-7.4285717],"to":[5.142857,9.714286,10.857143],"rotation":{"angle":22.5,"axis":"y","origin":[5.142857,-8.57143,4.0]},"faces":{"east":{"uv":[3.90625,1.25,4.90625,1.5],"rotation":0,"texture":"#0","tintindex":0},"south":{"uv":[7.25,2.0625,7.59375,2.3125],"rotation":0,"texture":"#0","tintindex":0},"north":{"uv":[7.25,1.8125,7.59375,2.0625],"rotation":0,"texture":"#0","tintindex":0},"west":{"uv":[4.125,1.9375,5.125,2.1875],"rotation":0,"texture":"#0","tintindex":0},"up":{"uv":[2.84375,4.3125,2.5,3.3125],"rotation":0,"texture":"#0","tintindex":0},"down":{"uv":[3.1875,3.3125,2.84375,4.3125],"rotation":0,"texture":"#0","tintindex":0}}},{"from":[0.5714283,5.8571424,6.285714],"to":[4.0,9.142858,16.57143],"rotation":{"angle":22.5,"axis":"y","origin":[5.142857,-8.57143,4.0]},"faces":{"east":{"uv":[6.75,4.90625,7.3125,5.09375],"rotation":0,"texture":"#0","tintindex":0},"south":{"uv":[0.1875,7.84375,0.375,8.03125],"rotation":0,"texture":"#0","tintindex":0},"north":{"uv":[0.0,7.84375,0.1875,8.03125],"rotation":0,"texture":"#0","tintindex":0},"west":{"uv":[6.75,5.09375,7.3125,5.28125],"rotation":0,"texture":"#0","tintindex":0},"up":{"uv":[5.78125,7.3125,5.59375,6.75],"rotation":0,"texture":"#0","tintindex":0},"down":{"uv":[5.96875,6.75,5.78125,7.3125],"rotation":0,"texture":"#0","tintindex":0}}},{"from":[-2.8571434,6.428571,2.2857141],"to":[0.5714283,8.571428,12.571428],"rotation":{"angle":22.5,"axis":"y","origin":[5.142857,-8.57143,4.0]},"faces":{"east":{"uv":[7.34375,1.59375,7.90625,1.71875],"rotation":0,"texture":"#0","tintindex":0},"south":{"uv":[4.0625,7.9375,4.25,8.0625],"rotation":0,"texture":"#0","tintindex":0},"north":{"uv":[7.9375,4.0,8.125,4.125],"rotation":0,"texture":"#0","tintindex":0},"west":{"uv":[7.34375,5.25,7.90625,5.375],"rotation":0,"texture":"#0","tintindex":0},"up":{"uv":[6.15625,7.3125,5.96875,6.75],"rotation":0,"texture":"#0","tintindex":0},"down":{"uv":[7.0,0.71875,6.8125,1.28125],"rotation":0,"texture":"#0","tintindex":0}}}],"display":{"head":{"translation":[0.0,-6.4,0.0],"scale":[4.0,4.0,4.0]}}}