{"textures":{"0":"modelengine:entity/claws"},"elements":[{"from":[-3.1428576,-0.57142925,7.428571],"to":[16.428572,18.285715,14.285715],"rotation":{"angle":0.0,"axis":"y","origin":[19.428572,2.2857141,6.285714]},"faces":{"east":{"uv":[3.1875,0.0,3.5625,1.03125],"rotation":0,"texture":"#0","tintindex":0},"south":{"uv":[1.0625,1.03125,2.125,2.0625],"rotation":0,"texture":"#0","tintindex":0},"north":{"uv":[1.0625,0.0,2.125,1.03125],"rotation":0,"texture":"#0","tintindex":0},"west":{"uv":[3.1875,1.03125,3.5625,2.0625],"rotation":0,"texture":"#0","tintindex":0},"up":{"uv":[3.1875,3.3125,2.125,2.9375],"rotation":0,"texture":"#0","tintindex":0},"down":{"uv":[1.0625,3.09375,0.0,3.46875],"rotation":0,"texture":"#0","tintindex":0}}},{"from":[-5.4285717,1.1428566,9.142858],"to":[-3.000001,13.714286,13.142858],"rotation":{"angle":0.0,"axis":"y","origin":[19.428572,2.2857141,6.285714]},"faces":{"east":{"uv":[2.46875,5.78125,2.6875,6.46875],"rotation":0,"texture":"#0","tintindex":0},"south":{"uv":[3.6875,7.125,3.8125,7.8125],"rotation":0,"texture":"#0","tintindex":0},"north":{"uv":[0.8125,6.96875,0.9375,7.65625],"rotation":0,"texture":"#0","tintindex":0},"west":{"uv":[4.1875,5.84375,4.40625,6.53125],"rotation":0,"texture":"#0","tintindex":0},"up":{"uv":[1.3125,7.5,1.1875,7.28125],"rotation":0,"texture":"#0","tintindex":0},"down":{"uv":[0.6875,7.4375,0.5625,7.65625],"rotation":0,"texture":"#0","tintindex":0}}},{"from":[-3.1428576,12.0,4.0],"to":[16.428572,19.428572,7.428571],"rotation":{"angle":0.0,"axis":"y","origin":[19.428572,2.2857141,6.285714]},"faces":{"east":{"uv":[0.1875,7.3125,0.375,7.71875],"rotation":0,"texture":"#0","tintindex":0},"south":{"uv":[2.125,2.53125,3.1875,2.9375],"rotation":0,"texture":"#0","tintindex":0},"north":{"uv":[2.125,2.125,3.1875,2.53125],"rotation":0,"texture":"#0","tintindex":0},"west":{"uv":[0.375,7.3125,0.5625,7.71875],"rotation":0,"texture":"#0","tintindex":0},"up":{"uv":[5.875,3.21875,4.8125,3.03125],"rotation":0,"texture":"#0","tintindex":0},"down":{"uv":[6.03125,0.34375,4.96875,0.53125],"rotation":0,"texture":"#0","tintindex":0}}},{"from":[-0.8571434,3.4285712,14.285715],"to":[18.714287,15.428572,18.857143],"rotation":{"angle":0.0,"axis":"y","origin":[19.428572,2.2857141,6.285714]},"faces":{"east":{"uv":[0.5,5.59375,0.75,6.25],"rotation":0,"texture":"#0","tintindex":0},"south":{"uv":[2.125,0.65625,3.1875,1.3125],"rotation":0,"texture":"#0","tintindex":0},"north":{"uv":[2.125,0.0,3.1875,0.65625],"rotation":0,"texture":"#0","tintindex":0},"west":{"uv":[3.59375,5.59375,3.84375,6.25],"rotation":0,"texture":"#0","tintindex":0},"up":{"uv":[4.96875,0.5,3.90625,0.25],"rotation":0,"texture":"#0","tintindex":0},"down":{"uv":[4.96875,0.5,3.90625,0.75],"rotation":0,"texture":"#0","tintindex":0}}},{"from":[6.0,15.428572,14.285715],"to":[17.57143,17.714287,18.857143],"rotation":{"angle":0.0,"axis":"y","origin":[19.428572,2.2857141,6.285714]},"faces":{"east":{"uv":[6.53125,0.71875,6.78125,0.84375],"rotation":0,"texture":"#0","tintindex":0},"south":{"uv":[7.28125,4.75,7.90625,4.875],"rotation":0,"texture":"#0","tintindex":0},"north":{"uv":[7.28125,4.625,7.90625,4.75],"rotation":0,"texture":"#0","tintindex":0},"west":{"uv":[7.875,3.125,8.125,3.25],"rotation":0,"texture":"#0","tintindex":0},"up":{"uv":[5.4375,5.84375,4.8125,5.59375],"rotation":0,"texture":"#0","tintindex":0},"down":{"uv":[6.0625,5.59375,5.4375,5.84375],"rotation":0,"texture":"#0","tintindex":0}}},{"from":[-2.0,-1.1428576,2.8571424],"to":[15.285715,6.285714,7.428571],"rotation":{"angle":0.0,"axis":"y","origin":[19.428572,2.2857141,6.285714]},"faces":{"east":{"uv":[6.84375,1.46875,7.09375,1.875],"rotation":0,"texture":"#0","tintindex":0},"south":{"uv":[3.1875,3.28125,4.125,3.6875],"rotation":0,"texture":"#0","tintindex":0},"north":{"uv":[3.1875,2.875,4.125,3.28125],"rotation":0,"texture":"#0","tintindex":0},"west":{"uv":[6.84375,5.28125,7.09375,5.6875],"rotation":0,"texture":"#0","tintindex":0},"up":{"uv":[5.15625,3.96875,4.21875,3.71875],"rotation":0,"texture":"#0","tintindex":0},"down":{"uv":[5.15625,3.96875,4.21875,4.21875],"rotation":0,"texture":"#0","tintindex":0}}}],"display":{"head":{"translation":[0.0,-6.4,0.0],"scale":[4.0,4.0,4.0]}}}