{"textures":{"0":"modelengine:entity/claws"},"elements":[{"from":[4.714286,4.142857,4.5714283],"to":[12.857143,10.571428,9.142858],"rotation":{"angle":0.0,"axis":"y","origin":[18.285715,-5.714287,4.0]},"faces":{"east":{"uv":[2.9375,7.09375,3.1875,7.4375],"rotation":0,"texture":"#0","tintindex":0},"south":{"uv":[5.84375,0.875,6.28125,1.21875],"rotation":0,"texture":"#0","tintindex":0},"north":{"uv":[5.78125,5.125,6.21875,5.46875],"rotation":0,"texture":"#0","tintindex":0},"west":{"uv":[7.09375,5.28125,7.34375,5.625],"rotation":0,"texture":"#0","tintindex":0},"up":{"uv":[5.28125,6.65625,4.84375,6.40625],"rotation":0,"texture":"#0","tintindex":0},"down":{"uv":[5.71875,6.40625,5.28125,6.65625],"rotation":0,"texture":"#0","tintindex":0}}},{"from":[5.8571424,5.5714283,-1.1428576],"to":[14.0,10.142858,2.8571424],"rotation":{"angle":-45.0,"axis":"y","origin":[18.285715,-5.714287,4.0]},"faces":{"east":{"uv":[7.5,6.1875,7.71875,6.4375],"rotation":0,"texture":"#0","tintindex":0},"south":{"uv":[6.40625,5.53125,6.84375,5.78125],"rotation":0,"texture":"#0","tintindex":0},"north":{"uv":[6.40625,5.28125,6.84375,5.53125],"rotation":0,"texture":"#0","tintindex":0},"west":{"uv":[7.5,6.4375,7.71875,6.6875],"rotation":0,"texture":"#0","tintindex":0},"up":{"uv":[7.28125,3.03125,6.84375,2.8125],"rotation":0,"texture":"#0","tintindex":0},"down":{"uv":[7.28125,5.96875,6.84375,6.1875],"rotation":0,"texture":"#0","tintindex":0}}},{"from":[12.142858,6.714286,-1.7142859],"to":[19.142857,9.0,0.5714283],"rotation":{"angle":-45.0,"axis":"y","origin":[18.285715,-5.714287,4.0]},"faces":{"east":{"uv":[7.03125,7.9375,7.15625,8.0625],"rotation":0,"texture":"#0","tintindex":0},"south":{"uv":[2.53125,7.65625,2.90625,7.78125],"rotation":0,"texture":"#0","tintindex":0},"north":{"uv":[2.15625,7.65625,2.53125,7.78125],"rotation":0,"texture":"#0","tintindex":0},"west":{"uv":[7.96875,1.90625,8.09375,2.03125],"rotation":0,"texture":"#0","tintindex":0},"up":{"uv":[4.1875,7.78125,3.8125,7.65625],"rotation":0,"texture":"#0","tintindex":0},"down":{"uv":[4.5625,7.65625,4.1875,7.78125],"rotation":0,"texture":"#0","tintindex":0}}},{"from":[12.142858,7.285714,0.5714283],"to":[22.57143,8.428572,2.2857141],"rotation":{"angle":-45.0,"axis":"y","origin":[18.285715,-5.714287,4.0]},"faces":{"east":{"uv":[5.46875,4.15625,5.5625,4.21875],"rotation":0,"texture":"#0","tintindex":0},"south":{"uv":[7.71875,6.5625,8.28125,6.625],"rotation":0,"texture":"#0","tintindex":0},"north":{"uv":[7.71875,4.1875,8.28125,4.25],"rotation":0,"texture":"#0","tintindex":0},"west":{"uv":[1.8125,5.71875,1.90625,5.78125],"rotation":0,"texture":"#0","tintindex":0},"up":{"uv":[8.1875,1.28125,7.625,1.1875],"rotation":0,"texture":"#0","tintindex":0},"down":{"uv":[7.78125,7.625,7.21875,7.71875],"rotation":0,"texture":"#0","tintindex":0}}},{"from":[1.8571424,6.428571,-0.71428585],"to":[6.0,9.285714,2.5714283],"rotation":{"angle":-45.0,"axis":"y","origin":[18.285715,-5.714287,4.0]},"faces":{"east":{"uv":[7.90625,6.34375,8.09375,6.5],"rotation":0,"texture":"#0","tintindex":0},"south":{"uv":[7.90625,1.46875,8.125,1.625],"rotation":0,"texture":"#0","tintindex":0},"north":{"uv":[7.875,5.03125,8.09375,5.1875],"rotation":0,"texture":"#0","tintindex":0},"west":{"uv":[6.375,7.90625,6.5625,8.0625],"rotation":0,"texture":"#0","tintindex":0},"up":{"uv":[7.9375,3.9375,7.71875,3.75],"rotation":0,"texture":"#0","tintindex":0},"down":{"uv":[7.9375,3.9375,7.71875,4.125],"rotation":0,"texture":"#0","tintindex":0}}},{"from":[-1.0,7.0,0.42857122],"to":[1.9999995,8.714286,2.5714283],"rotation":{"angle":-45.0,"axis":"y","origin":[18.285715,-5.714287,4.0]},"faces":{"east":{"uv":[6.96875,5.6875,7.09375,5.78125],"rotation":0,"texture":"#0","tintindex":0},"south":{"uv":[5.71875,0.25,5.875,0.34375],"rotation":0,"texture":"#0","tintindex":0},"north":{"uv":[5.5625,4.375,5.71875,4.46875],"rotation":0,"texture":"#0","tintindex":0},"west":{"uv":[7.34375,1.71875,7.46875,1.8125],"rotation":0,"texture":"#0","tintindex":0},"up":{"uv":[6.1875,8.0625,6.03125,7.9375],"rotation":0,"texture":"#0","tintindex":0},"down":{"uv":[8.09375,6.15625,7.9375,6.28125],"rotation":0,"texture":"#0","tintindex":0}}},{"from":[-0.4285717,3.4285712,8.0],"to":[9.0,9.428572,12.142858],"rotation":{"angle":0.0,"axis":"y","origin":[10.857143,-8.57143,4.0]},"faces":{"east":{"uv":[2.125,7.3125,2.34375,7.65625],"rotation":0,"texture":"#0","tintindex":0},"south":{"uv":[0.4375,5.25,0.96875,5.59375],"rotation":0,"texture":"#0","tintindex":0},"north":{"uv":[5.15625,3.5625,5.6875,3.90625],"rotation":0,"texture":"#0","tintindex":0},"west":{"uv":[2.34375,7.3125,2.5625,7.65625],"rotation":0,"texture":"#0","tintindex":0},"up":{"uv":[6.75,5.28125,6.21875,5.0625],"rotation":0,"texture":"#0","tintindex":0},"down":{"uv":[6.78125,5.84375,6.25,6.0625],"rotation":0,"texture":"#0","tintindex":0}}},{"from":[12.0,4.714286,-2.285715],"to":[16.57143,10.857143,8.571428],"rotation":{"angle":-22.5,"axis":"y","origin":[10.857143,-8.57143,4.0]},"faces":{"east":{"uv":[0.84375,4.90625,1.4375,5.25],"rotation":0,"texture":"#0","tintindex":0},"south":{"uv":[3.4375,7.125,3.6875,7.46875],"rotation":0,"texture":"#0","tintindex":0},"north":{"uv":[3.1875,7.125,3.4375,7.46875],"rotation":0,"texture":"#0","tintindex":0},"west":{"uv":[4.90625,1.09375,5.5,1.4375],"rotation":0,"texture":"#0","tintindex":0},"up":{"uv":[2.9375,6.6875,2.6875,6.09375],"rotation":0,"texture":"#0","tintindex":0},"down":{"uv":[3.1875,6.09375,2.9375,6.6875],"rotation":0,"texture":"#0","tintindex":0}}},{"from":[10.857143,5.285714,-4.5714293],"to":[17.142857,9.714286,10.857143],"rotation":{"angle":-22.5,"axis":"y","origin":[10.857143,-8.57143,4.0]},"faces":{"east":{"uv":[4.5625,4.65625,5.40625,4.90625],"rotation":0,"texture":"#0","tintindex":0},"south":{"uv":[7.15625,3.5,7.5,3.75],"rotation":0,"texture":"#0","tintindex":0},"north":{"uv":[7.15625,3.25,7.5,3.5],"rotation":0,"texture":"#0","tintindex":0},"west":{"uv":[4.71875,4.21875,5.5625,4.46875],"rotation":0,"texture":"#0","tintindex":0},"up":{"uv":[1.03125,4.3125,0.6875,3.46875],"rotation":0,"texture":"#0","tintindex":0},"down":{"uv":[3.90625,0.0,3.5625,0.84375],"rotation":0,"texture":"#0","tintindex":0}}},{"from":[12.0,5.8571424,6.285714],"to":[15.428572,9.142858,16.57143],"rotation":{"angle":-22.5,"axis":"y","origin":[10.857143,-8.57143,4.0]},"faces":{"east":{"uv":[6.6875,3.875,7.25,4.0625],"rotation":0,"texture":"#0","tintindex":0},"south":{"uv":[5.6875,7.8125,5.875,8.0],"rotation":0,"texture":"#0","tintindex":0},"north":{"uv":[5.5,7.8125,5.6875,8.0],"rotation":0,"texture":"#0","tintindex":0},"west":{"uv":[6.71875,0.0,7.28125,0.1875],"rotation":0,"texture":"#0","tintindex":0},"up":{"uv":[1.9375,7.28125,1.75,6.71875],"rotation":0,"texture":"#0","tintindex":0},"down":{"uv":[0.375,6.75,0.1875,7.3125],"rotation":0,"texture":"#0","tintindex":0}}},{"from":[15.428572,6.428571,2.2857141],"to":[18.857143,8.571428,12.571428],"rotation":{"angle":-22.5,"axis":"y","origin":[10.857143,-8.57143,4.0]},"faces":{"east":{"uv":[7.3125,5.0,7.875,5.125],"rotation":0,"texture":"#0","tintindex":0},"south":{"uv":[7.9375,3.75,8.125,3.875],"rotation":0,"texture":"#0","tintindex":0},"north":{"uv":[3.6875,7.9375,3.875,8.0625],"rotation":0,"texture":"#0","tintindex":0},"west":{"uv":[7.3125,5.125,7.875,5.25],"rotation":0,"texture":"#0","tintindex":0},"up":{"uv":[0.5625,7.3125,0.375,6.75],"rotation":0,"texture":"#0","tintindex":0},"down":{"uv":[2.125,6.75,1.9375,7.3125],"rotation":0,"texture":"#0","tintindex":0}}}],"display":{"head":{"translation":[0.0,-6.4,0.0],"scale":[4.0,4.0,4.0]}}}