{"textures":{"0":"modelengine:entity/claws"},"elements":[{"from":[4.714286,4.142857,4.5714283],"to":[12.857143,10.571428,9.142858],"rotation":{"angle":0.0,"axis":"y","origin":[18.285715,-5.714287,4.0]},"faces":{"east":{"uv":[4.03125,6.96875,4.28125,7.3125],"rotation":0,"texture":"#0","tintindex":0},"south":{"uv":[5.75,1.65625,6.1875,2.0],"rotation":0,"texture":"#0","tintindex":0},"north":{"uv":[5.75,0.53125,6.1875,0.875],"rotation":0,"texture":"#0","tintindex":0},"west":{"uv":[6.96875,6.8125,7.21875,7.15625],"rotation":0,"texture":"#0","tintindex":0},"up":{"uv":[0.6875,6.5,0.25,6.25],"rotation":0,"texture":"#0","tintindex":0},"down":{"uv":[6.71875,4.53125,6.28125,4.78125],"rotation":0,"texture":"#0","tintindex":0}}},{"from":[5.8571424,5.5714283,-1.1428576],"to":[14.0,10.142858,2.8571424],"rotation":{"angle":-45.0,"axis":"y","origin":[18.285715,-5.714287,4.0]},"faces":{"east":{"uv":[7.5,3.25,7.71875,3.5],"rotation":0,"texture":"#0","tintindex":0},"south":{"uv":[6.40625,1.5,6.84375,1.75],"rotation":0,"texture":"#0","tintindex":0},"north":{"uv":[6.28125,4.78125,6.71875,5.03125],"rotation":0,"texture":"#0","tintindex":0},"west":{"uv":[7.5,3.5,7.71875,3.75],"rotation":0,"texture":"#0","tintindex":0},"up":{"uv":[3.15625,4.53125,2.71875,4.3125],"rotation":0,"texture":"#0","tintindex":0},"down":{"uv":[7.25,4.28125,6.8125,4.5],"rotation":0,"texture":"#0","tintindex":0}}},{"from":[12.142858,6.714286,-1.7142859],"to":[19.142857,9.0,0.5714283],"rotation":{"angle":-45.0,"axis":"y","origin":[18.285715,-5.714287,4.0]},"faces":{"east":{"uv":[4.09375,4.53125,4.21875,4.65625],"rotation":0,"texture":"#0","tintindex":0},"south":{"uv":[6.40625,2.0,6.78125,2.125],"rotation":0,"texture":"#0","tintindex":0},"north":{"uv":[3.71875,4.53125,4.09375,4.65625],"rotation":0,"texture":"#0","tintindex":0},"west":{"uv":[1.78125,7.53125,1.90625,7.65625],"rotation":0,"texture":"#0","tintindex":0},"up":{"uv":[8.03125,0.65625,7.65625,0.53125],"rotation":0,"texture":"#0","tintindex":0},"down":{"uv":[0.9375,7.65625,0.5625,7.78125],"rotation":0,"texture":"#0","tintindex":0}}},{"from":[12.142858,7.285714,0.5714283],"to":[22.57143,8.428572,2.2857141],"rotation":{"angle":-45.0,"axis":"y","origin":[18.285715,-5.714287,4.0]},"faces":{"east":{"uv":[4.125,3.625,4.21875,3.6875],"rotation":0,"texture":"#0","tintindex":0},"south":{"uv":[7.65625,1.03125,8.21875,1.09375],"rotation":0,"texture":"#0","tintindex":0},"north":{"uv":[4.90625,1.4375,5.46875,1.5],"rotation":0,"texture":"#0","tintindex":0},"west":{"uv":[5.0625,3.375,5.15625,3.4375],"rotation":0,"texture":"#0","tintindex":0},"up":{"uv":[8.15625,2.3125,7.59375,2.21875],"rotation":0,"texture":"#0","tintindex":0},"down":{"uv":[8.15625,2.3125,7.59375,2.40625],"rotation":0,"texture":"#0","tintindex":0}}},{"from":[1.8571424,6.428571,-0.71428585],"to":[6.0,9.285714,2.5714283],"rotation":{"angle":-45.0,"axis":"y","origin":[18.285715,-5.714287,4.0]},"faces":{"east":{"uv":[0.25,5.4375,0.4375,5.59375],"rotation":0,"texture":"#0","tintindex":0},"south":{"uv":[7.875,4.875,8.09375,5.03125],"rotation":0,"texture":"#0","tintindex":0},"north":{"uv":[0.9375,7.875,1.15625,8.03125],"rotation":0,"texture":"#0","tintindex":0},"west":{"uv":[6.84375,6.40625,7.03125,6.5625],"rotation":0,"texture":"#0","tintindex":0},"up":{"uv":[7.15625,3.875,6.9375,3.6875],"rotation":0,"texture":"#0","tintindex":0},"down":{"uv":[3.6875,7.71875,3.46875,7.90625],"rotation":0,"texture":"#0","tintindex":0}}},{"from":[-1.0,7.0,0.42857122],"to":[1.9999995,8.714286,2.5714283],"rotation":{"angle":-45.0,"axis":"y","origin":[18.285715,-5.714287,4.0]},"faces":{"east":{"uv":[5.625,1.65625,5.75,1.75],"rotation":0,"texture":"#0","tintindex":0},"south":{"uv":[5.46875,1.65625,5.625,1.75],"rotation":0,"texture":"#0","tintindex":0},"north":{"uv":[5.40625,2.9375,5.5625,3.03125],"rotation":0,"texture":"#0","tintindex":0},"west":{"uv":[5.71875,4.375,5.84375,4.46875],"rotation":0,"texture":"#0","tintindex":0},"up":{"uv":[7.0,2.0,6.84375,1.875],"rotation":0,"texture":"#0","tintindex":0},"down":{"uv":[2.9375,7.3125,2.78125,7.4375],"rotation":0,"texture":"#0","tintindex":0}}},{"from":[-0.4285717,5.714286,8.0],"to":[9.0,11.714286,12.142858],"rotation":{"angle":0.0,"axis":"y","origin":[10.857143,-8.57143,4.0]},"faces":{"east":{"uv":[7.28125,6.375,7.5,6.71875],"rotation":0,"texture":"#0","tintindex":0},"south":{"uv":[5.15625,3.21875,5.6875,3.5625],"rotation":0,"texture":"#0","tintindex":0},"north":{"uv":[1.4375,5.0,1.96875,5.34375],"rotation":0,"texture":"#0","tintindex":0},"west":{"uv":[1.90625,7.3125,2.125,7.65625],"rotation":0,"texture":"#0","tintindex":0},"up":{"uv":[5.5,0.75,4.96875,0.53125],"rotation":0,"texture":"#0","tintindex":0},"down":{"uv":[6.6875,3.875,6.15625,4.09375],"rotation":0,"texture":"#0","tintindex":0}}},{"from":[12.0,4.714286,-2.285715],"to":[16.57143,10.857143,8.571428],"rotation":{"angle":-22.5,"axis":"y","origin":[10.857143,-8.57143,4.0]},"faces":{"east":{"uv":[4.8125,2.6875,5.40625,3.03125],"rotation":0,"texture":"#0","tintindex":0},"south":{"uv":[7.0,0.8125,7.25,1.15625],"rotation":0,"texture":"#0","tintindex":0},"north":{"uv":[7.0,0.46875,7.25,0.8125],"rotation":0,"texture":"#0","tintindex":0},"west":{"uv":[4.90625,0.75,5.5,1.09375],"rotation":0,"texture":"#0","tintindex":0},"up":{"uv":[6.15625,4.09375,5.90625,3.5],"rotation":0,"texture":"#0","tintindex":0},"down":{"uv":[4.09375,6.0625,3.84375,6.65625],"rotation":0,"texture":"#0","tintindex":0}}},{"from":[10.857143,5.285714,-4.5714293],"to":[17.142857,9.714286,10.857143],"rotation":{"angle":-22.5,"axis":"y","origin":[10.857143,-8.57143,4.0]},"faces":{"east":{"uv":[4.625,1.5,5.46875,1.75],"rotation":0,"texture":"#0","tintindex":0},"south":{"uv":[5.15625,3.90625,5.5,4.15625],"rotation":0,"texture":"#0","tintindex":0},"north":{"uv":[0.4375,5.0,0.78125,5.25],"rotation":0,"texture":"#0","tintindex":0},"west":{"uv":[3.71875,4.65625,4.5625,4.90625],"rotation":0,"texture":"#0","tintindex":0},"up":{"uv":[0.34375,4.3125,0.0,3.46875],"rotation":0,"texture":"#0","tintindex":0},"down":{"uv":[0.6875,3.46875,0.34375,4.3125],"rotation":0,"texture":"#0","tintindex":0}}},{"from":[12.0,5.8571424,6.285714],"to":[15.428572,9.142858,16.57143],"rotation":{"angle":-22.5,"axis":"y","origin":[10.857143,-8.57143,4.0]},"faces":{"east":{"uv":[3.90625,1.5,4.46875,1.6875],"rotation":0,"texture":"#0","tintindex":0},"south":{"uv":[7.8125,1.28125,8.0,1.46875],"rotation":0,"texture":"#0","tintindex":0},"north":{"uv":[6.21875,5.28125,6.40625,5.46875],"rotation":0,"texture":"#0","tintindex":0},"west":{"uv":[6.53125,4.09375,7.09375,4.28125],"rotation":0,"texture":"#0","tintindex":0},"up":{"uv":[5.03125,7.21875,4.84375,6.65625],"rotation":0,"texture":"#0","tintindex":0},"down":{"uv":[5.21875,6.65625,5.03125,7.21875],"rotation":0,"texture":"#0","tintindex":0}}},{"from":[15.428572,6.428571,2.2857141],"to":[18.857143,8.571428,12.571428],"rotation":{"angle":-22.5,"axis":"y","origin":[10.857143,-8.57143,4.0]},"faces":{"east":{"uv":[3.5625,1.9375,4.125,2.0625],"rotation":0,"texture":"#0","tintindex":0},"south":{"uv":[7.90625,5.5,8.09375,5.625],"rotation":0,"texture":"#0","tintindex":0},"north":{"uv":[7.90625,4.75,8.09375,4.875],"rotation":0,"texture":"#0","tintindex":0},"west":{"uv":[7.3125,3.0,7.875,3.125],"rotation":0,"texture":"#0","tintindex":0},"up":{"uv":[5.40625,7.21875,5.21875,6.65625],"rotation":0,"texture":"#0","tintindex":0},"down":{"uv":[5.59375,6.65625,5.40625,7.21875],"rotation":0,"texture":"#0","tintindex":0}}}],"display":{"head":{"translation":[0.0,-6.4,0.0],"scale":[4.0,4.0,4.0]}}}