{"textures":{"0":"modelengine:entity/claws"},"elements":[{"from":[3.5714283,4.0,4.5714283],"to":[12.428572,12.0,12.571428],"rotation":{"angle":0.0,"axis":"y","origin":[2.2857141,-8.0,24.57143]},"faces":{"east":{"uv":[2.34375,4.96875,2.78125,5.40625],"rotation":0,"texture":"#0","tintindex":0},"south":{"uv":[0.0,4.3125,0.5,4.75],"rotation":0,"texture":"#0","tintindex":0},"north":{"uv":[4.21875,4.21875,4.71875,4.65625],"rotation":0,"texture":"#0","tintindex":0},"west":{"uv":[2.78125,4.96875,3.21875,5.40625],"rotation":0,"texture":"#0","tintindex":0},"up":{"uv":[1.0,4.75,0.5,4.3125],"rotation":0,"texture":"#0","tintindex":0},"down":{"uv":[2.21875,4.3125,1.71875,4.75],"rotation":0,"texture":"#0","tintindex":0}}},{"from":[5.142857,5.285714,-2.8571434],"to":[11.428572,12.142858,5.714286],"rotation":{"angle":0.0,"axis":"y","origin":[2.2857141,-8.0,24.57143]},"faces":{"east":{"uv":[0.96875,5.25,1.4375,5.625],"rotation":0,"texture":"#0","tintindex":0},"south":{"uv":[6.0625,5.46875,6.40625,5.84375],"rotation":0,"texture":"#0","tintindex":0},"north":{"uv":[1.96875,5.0,2.3125,5.375],"rotation":0,"texture":"#0","tintindex":0},"west":{"uv":[1.4375,5.34375,1.90625,5.71875],"rotation":0,"texture":"#0","tintindex":0},"up":{"uv":[5.84375,1.65625,5.5,1.1875],"rotation":0,"texture":"#0","tintindex":0},"down":{"uv":[5.84375,4.65625,5.5,5.125],"rotation":0,"texture":"#0","tintindex":0}}},{"from":[6.285714,11.428572,0.0],"to":[10.285714,12.571428,10.285714],"rotation":{"angle":0.0,"axis":"y","origin":[2.2857141,-8.0,24.57143]},"faces":{"east":{"uv":[7.71875,6.625,8.28125,6.6875],"rotation":0,"texture":"#0","tintindex":0},"south":{"uv":[1.59375,5.71875,1.8125,5.78125],"rotation":0,"texture":"#0","tintindex":0},"north":{"uv":[5.15625,4.15625,5.375,4.21875],"rotation":0,"texture":"#0","tintindex":0},"west":{"uv":[7.78125,2.65625,8.34375,2.71875],"rotation":0,"texture":"#0","tintindex":0},"up":{"uv":[1.3125,6.71875,1.09375,6.15625],"rotation":0,"texture":"#0","tintindex":0},"down":{"uv":[6.40625,1.5625,6.1875,2.125],"rotation":0,"texture":"#0","tintindex":0}}},{"from":[5.714286,2.8571424,1.1428566],"to":[9.714286,6.285714,9.142858],"rotation":{"angle":22.5,"axis":"x","origin":[2.2857141,-8.0,24.57143]},"faces":{"east":{"uv":[5.75,2.0,6.1875,2.1875],"rotation":0,"texture":"#0","tintindex":0},"south":{"uv":[7.71875,6.15625,7.9375,6.34375],"rotation":0,"texture":"#0","tintindex":0},"north":{"uv":[7.71875,4.40625,7.9375,4.59375],"rotation":0,"texture":"#0","tintindex":0},"west":{"uv":[7.28125,0.0,7.71875,0.1875],"rotation":0,"texture":"#0","tintindex":0},"up":{"uv":[2.71875,7.3125,2.5,6.875],"rotation":0,"texture":"#0","tintindex":0},"down":{"uv":[2.9375,6.875,2.71875,7.3125],"rotation":0,"texture":"#0","tintindex":0}}},{"from":[6.285714,-1.7142859,4.0],"to":[9.142858,5.142857,10.285714],"rotation":{"angle":22.5,"axis":"x","origin":[2.2857141,-8.0,24.57143]},"faces":{"east":{"uv":[2.09375,6.125,2.4375,6.5],"rotation":0,"texture":"#0","tintindex":0},"south":{"uv":[7.46875,7.25,7.625,7.625],"rotation":0,"texture":"#0","tintindex":0},"north":{"uv":[3.6875,6.25,3.84375,6.625],"rotation":0,"texture":"#0","tintindex":0},"west":{"uv":[5.71875,6.125,6.0625,6.5],"rotation":0,"texture":"#0","tintindex":0},"up":{"uv":[5.5,7.90625,5.34375,7.5625],"rotation":0,"texture":"#0","tintindex":0},"down":{"uv":[1.34375,7.59375,1.1875,7.9375],"rotation":0,"texture":"#0","tintindex":0}}},{"from":[6.0,21.142857,13.714286],"to":[10.571428,25.714287,21.714287],"rotation":{"angle":-45.0,"axis":"x","origin":[2.2857141,-8.0,24.57143]},"faces":{"east":{"uv":[6.40625,6.0625,6.84375,6.3125],"rotation":0,"texture":"#0","tintindex":0},"south":{"uv":[5.75,7.4375,6.0,7.6875],"rotation":0,"texture":"#0","tintindex":0},"north":{"uv":[5.5,7.4375,5.75,7.6875],"rotation":0,"texture":"#0","tintindex":0},"west":{"uv":[6.40625,6.3125,6.84375,6.5625],"rotation":0,"texture":"#0","tintindex":0},"up":{"uv":[3.6875,6.6875,3.4375,6.25],"rotation":0,"texture":"#0","tintindex":0},"down":{"uv":[1.5625,6.40625,1.3125,6.84375],"rotation":0,"texture":"#0","tintindex":0}}},{"from":[7.285714,20.857143,10.571428],"to":[10.428572,24.57143,14.857143],"rotation":{"angle":-45.0,"axis":"x","origin":[2.2857141,-8.0,24.57143]},"faces":{"east":{"uv":[1.8125,3.09375,2.0625,3.3125],"rotation":0,"texture":"#0","tintindex":0},"south":{"uv":[6.96875,7.71875,7.15625,7.9375],"rotation":0,"texture":"#0","tintindex":0},"north":{"uv":[7.71875,6.34375,7.90625,6.5625],"rotation":0,"texture":"#0","tintindex":0},"west":{"uv":[6.96875,7.5,7.21875,7.71875],"rotation":0,"texture":"#0","tintindex":0},"up":{"uv":[1.125,7.875,0.9375,7.625],"rotation":0,"texture":"#0","tintindex":0},"down":{"uv":[3.09375,7.625,2.90625,7.875],"rotation":0,"texture":"#0","tintindex":0}}},{"from":[7.857143,21.428572,7.142857],"to":[10.428572,24.0,11.428572],"rotation":{"angle":-45.0,"axis":"x","origin":[2.2857141,-8.0,24.57143]},"faces":{"east":{"uv":[7.75,2.0625,8.0,2.21875],"rotation":0,"texture":"#0","tintindex":0},"south":{"uv":[0.84375,4.75,1.0,4.90625],"rotation":0,"texture":"#0","tintindex":0},"north":{"uv":[4.46875,1.5,4.625,1.65625],"rotation":0,"texture":"#0","tintindex":0},"west":{"uv":[2.09375,7.78125,2.34375,7.9375],"rotation":0,"texture":"#0","tintindex":0},"up":{"uv":[2.84375,6.03125,2.6875,5.78125],"rotation":0,"texture":"#0","tintindex":0},"down":{"uv":[0.9375,7.78125,0.78125,8.03125],"rotation":0,"texture":"#0","tintindex":0}}},{"from":[7.857143,21.428572,21.428572],"to":[10.428572,24.0,25.714287],"rotation":{"angle":-45.0,"axis":"x","origin":[2.2857141,-8.0,24.57143]},"faces":{"east":{"uv":[2.34375,7.78125,2.59375,7.9375],"rotation":0,"texture":"#0","tintindex":0},"south":{"uv":[0.9375,6.53125,1.09375,6.6875],"rotation":0,"texture":"#0","tintindex":0},"north":{"uv":[3.4375,6.09375,3.59375,6.25],"rotation":0,"texture":"#0","tintindex":0},"west":{"uv":[7.78125,2.5,8.03125,2.65625],"rotation":0,"texture":"#0","tintindex":0},"up":{"uv":[2.75,8.03125,2.59375,7.78125],"rotation":0,"texture":"#0","tintindex":0},"down":{"uv":[2.90625,7.78125,2.75,8.03125],"rotation":0,"texture":"#0","tintindex":0}}},{"from":[8.428572,19.714287,22.0],"to":[9.857143,22.285715,29.714287],"rotation":{"angle":-45.0,"axis":"x","origin":[2.2857141,-8.0,24.57143]},"faces":{"east":{"uv":[7.34375,5.75,7.78125,5.90625],"rotation":0,"texture":"#0","tintindex":0},"south":{"uv":[4.125,3.46875,4.21875,3.625],"rotation":0,"texture":"#0","tintindex":0},"north":{"uv":[1.71875,4.125,1.8125,4.28125],"rotation":0,"texture":"#0","tintindex":0},"west":{"uv":[7.375,1.28125,7.8125,1.4375],"rotation":0,"texture":"#0","tintindex":0},"up":{"uv":[4.1875,6.5,4.09375,6.0625],"rotation":0,"texture":"#0","tintindex":0},"down":{"uv":[4.84375,6.75,4.75,7.1875],"rotation":0,"texture":"#0","tintindex":0}}}],"display":{"head":{"translation":[0.0,-6.4,0.0],"scale":[4.0,4.0,4.0]}}}